LSOANM,LSOACD,MSOACD,MSOANM,Sm,Sn
Peterborough 001A,E01015629,E02003237,Peterborough 001,680,1380
Peterborough 001B,E01015635,E02003237,Peterborough 001,650,1286
Peterborough 001C,E01015636,E02003237,Peterborough 001,485,951
Peterborough 001D,E01015679,E02003237,Peterborough 001,843,1493
Peterborough 002A,E01015678,E02003238,Peterborough 002,582,1121
Peterborough 002B,E01015680,E02003238,Peterborough 002,659,1147
Peterborough 002C,E01015681,E02003238,Peterborough 002,598,1234
Peterborough 002D,E01015682,E02003238,Peterborough 002,686,1192
Peterborough 003A,E01015630,E02003239,Peterborough 003,654,1256
Peterborough 003B,E01015631,E02003239,Peterborough 003,529,1063
Peterborough 003C,E01015659,E02003239,Peterborough 003,852,1568
Peterborough 003D,E01015684,E02003239,Peterborough 003,612,1297
Peterborough 003E,E01015685,E02003239,Peterborough 003,708,1374
Peterborough 004A,E01015589,E02003240,Peterborough 004,717,1325
Peterborough 004B,E01015590,E02003240,Peterborough 004,560,1007
Peterborough 004C,E01015626,E02003240,Peterborough 004,616,1048
Peterborough 004D,E01015628,E02003240,Peterborough 004,848,1911
Peterborough 005A,E01015617,E02003241,Peterborough 005,598,1066
Peterborough 005B,E01015618,E02003241,Peterborough 005,466,879
Peterborough 005C,E01015619,E02003241,Peterborough 005,922,1617
Peterborough 005D,E01015620,E02003241,Peterborough 005,701,1370
Peterborough 006A,E01015674,E02003242,Peterborough 006,686,1215
Peterborough 006B,E01015675,E02003242,Peterborough 006,676,1285
Peterborough 006C,E01015676,E02003242,Peterborough 006,701,1257
Peterborough 006D,E01015683,E02003242,Peterborough 006,871,1599
Peterborough 006E,E01015686,E02003242,Peterborough 006,731,1307
Peterborough 007A,E01015607,E02003243,Peterborough 007,643,1111
Peterborough 007B,E01015609,E02003243,Peterborough 007,673,1234
Peterborough 007C,E01015656,E02003243,Peterborough 007,684,1206
Peterborough 007D,E01015657,E02003243,Peterborough 007,791,1370
Peterborough 007E,E01015658,E02003243,Peterborough 007,650,1126
Peterborough 007F,E01015660,E02003243,Peterborough 007,756,1239
Peterborough 008A,E01015605,E02003244,Peterborough 008,645,1259
Peterborough 008B,E01015608,E02003244,Peterborough 008,648,1242
Peterborough 008C,E01015610,E02003244,Peterborough 008,667,1208
Peterborough 008D,E01015633,E02003244,Peterborough 008,1003,1790
Peterborough 008E,E01015634,E02003244,Peterborough 008,778,1430
Peterborough 009A,E01015593,E02003245,Peterborough 009,605,1075
Peterborough 009B,E01015596,E02003245,Peterborough 009,627,1208
Peterborough 009C,E01015662,E02003245,Peterborough 009,499,1040
Peterborough 009D,E01015663,E02003245,Peterborough 009,663,1136
Peterborough 009E,E01015664,E02003245,Peterborough 009,674,1232
Peterborough 010A,E01015603,E02003246,Peterborough 010,843,1714
Peterborough 010B,E01015604,E02003246,Peterborough 010,540,1361
Peterborough 010C,E01015632,E02003246,Peterborough 010,760,1525
Peterborough 010D,E01015661,E02003246,Peterborough 010,632,1403
Peterborough 010E,E01015677,E02003246,Peterborough 010,502,843
Peterborough 011A,E01015591,E02003247,Peterborough 011,608,1200
Peterborough 011B,E01015592,E02003247,Peterborough 011,654,1175
Peterborough 011C,E01015594,E02003247,Peterborough 011,801,1446
Peterborough 011D,E01015595,E02003247,Peterborough 011,684,1153
Peterborough 011E,E01015597,E02003247,Peterborough 011,618,1155
Peterborough 012A,E01015601,E02003248,Peterborough 012,565,1434
Peterborough 012B,E01015651,E02003248,Peterborough 012,688,1530
Peterborough 012C,E01015652,E02003248,Peterborough 012,650,1470
Peterborough 012D,E01015653,E02003248,Peterborough 012,660,1463
Peterborough 012E,E01015654,E02003248,Peterborough 012,956,1800
Peterborough 013A,E01015606,E02003249,Peterborough 013,728,1406
Peterborough 013B,E01015611,E02003249,Peterborough 013,941,1667
Peterborough 013C,E01015613,E02003249,Peterborough 013,683,1167
Peterborough 013D,E01015614,E02003249,Peterborough 013,769,1379
Peterborough 013E,E01015615,E02003249,Peterborough 013,689,1268
Peterborough 013F,E01015616,E02003249,Peterborough 013,680,1290
Peterborough 014A,E01015599,E02003250,Peterborough 014,760,1474
Peterborough 014B,E01015600,E02003250,Peterborough 014,593,1382
Peterborough 014C,E01015602,E02003250,Peterborough 014,1027,1655
Peterborough 014D,E01015612,E02003250,Peterborough 014,963,1726
Peterborough 014E,E01015655,E02003250,Peterborough 014,868,1734
Peterborough 015A,E01015598,E02003251,Peterborough 015,638,1278
Peterborough 015B,E01015687,E02003251,Peterborough 015,651,1304
Peterborough 015C,E01015689,E02003251,Peterborough 015,625,1236
Peterborough 015D,E01015690,E02003251,Peterborough 015,476,1010
Peterborough 015E,E01015691,E02003251,Peterborough 015,513,1180
Peterborough 016A,E01015622,E02003252,Peterborough 016,1127,1967
Peterborough 016C,E01015665,E02003252,Peterborough 016,586,1249
Peterborough 016D,E01015688,E02003252,Peterborough 016,678,1204
Peterborough 016E,E01015692,E02003252,Peterborough 016,484,1043
Peterborough 016F,E01033173,E02003252,Peterborough 016,745,1425
Peterborough 016G,E01033182,E02003252,Peterborough 016,651,1153
Peterborough 017A,E01015621,E02003253,Peterborough 017,989,1623
Peterborough 017B,E01015623,E02003253,Peterborough 017,764,1406
Peterborough 017C,E01015624,E02003253,Peterborough 017,751,1325
Peterborough 017D,E01015666,E02003253,Peterborough 017,667,1116
Peterborough 017E,E01015668,E02003253,Peterborough 017,857,1452
Peterborough 018A,E01015627,E02003254,Peterborough 018,762,1437
Peterborough 018B,E01015644,E02003254,Peterborough 018,803,1534
Peterborough 018C,E01015645,E02003254,Peterborough 018,719,1359
Peterborough 018D,E01015646,E02003254,Peterborough 018,898,1695
Peterborough 018E,E01015648,E02003254,Peterborough 018,611,1227
Peterborough 019A,E01015667,E02003255,Peterborough 019,556,1076
Peterborough 019B,E01015669,E02003255,Peterborough 019,611,1192
Peterborough 019C,E01015670,E02003255,Peterborough 019,611,1202
Peterborough 019D,E01015671,E02003255,Peterborough 019,751,1338
Peterborough 019E,E01015672,E02003255,Peterborough 019,666,1256
Peterborough 019F,E01015673,E02003255,Peterborough 019,654,1168
Peterborough 021A,E01015637,E02003257,Peterborough 021,564,1071
Peterborough 021B,E01015639,E02003257,Peterborough 021,688,1194
Peterborough 021C,E01015640,E02003257,Peterborough 021,599,1147
Peterborough 021D,E01015641,E02003257,Peterborough 021,499,950
Peterborough 021E,E01015642,E02003257,Peterborough 021,584,1073
Peterborough 021F,E01015647,E02003257,Peterborough 021,759,1060
Peterborough 022A,E01015638,E02006877,Peterborough 022,617,1309
Peterborough 022B,E01015650,E02006877,Peterborough 022,882,1629
Peterborough 022C,E01033174,E02006877,Peterborough 022,585,900
Peterborough 022D,E01033179,E02006877,Peterborough 022,632,1177
Peterborough 022E,E01033181,E02006877,Peterborough 022,574,1129
Peterborough 023A,E01015643,E02006878,Peterborough 023,584,1079
Peterborough 023B,E01033175,E02006878,Peterborough 023,539,1034
Peterborough 023C,E01033176,E02006878,Peterborough 023,588,1175
Peterborough 023D,E01033177,E02006878,Peterborough 023,556,1012
Peterborough 023E,E01033178,E02006878,Peterborough 023,573,1029
Peterborough 023F,E01033180,E02006878,Peterborough 023,594,1098
East Cambridgeshire 001A,E01018042,E02003732,East Cambridgeshire 001,660,1207
East Cambridgeshire 001B,E01018043,E02003732,East Cambridgeshire 001,884,1697
East Cambridgeshire 001C,E01018044,E02003732,East Cambridgeshire 001,785,1422
East Cambridgeshire 001D,E01018045,E02003732,East Cambridgeshire 001,551,1094
East Cambridgeshire 001E,E01018046,E02003732,East Cambridgeshire 001,857,1586
East Cambridgeshire 002A,E01018020,E02003733,East Cambridgeshire 002,603,1239
East Cambridgeshire 002B,E01018021,E02003733,East Cambridgeshire 002,613,1210
East Cambridgeshire 002C,E01018022,E02003733,East Cambridgeshire 002,613,1167
East Cambridgeshire 002D,E01018055,E02003733,East Cambridgeshire 002,866,1705
East Cambridgeshire 002E,E01018056,E02003733,East Cambridgeshire 002,811,1502
East Cambridgeshire 003A,E01018027,E02003734,East Cambridgeshire 003,779,1407
East Cambridgeshire 003C,E01018029,E02003734,East Cambridgeshire 003,1151,2046
East Cambridgeshire 003D,E01018032,E02003734,East Cambridgeshire 003,1071,2048
East Cambridgeshire 003E,E01018033,E02003734,East Cambridgeshire 003,951,1638
East Cambridgeshire 003F,E01033426,E02003734,East Cambridgeshire 003,520,1057
East Cambridgeshire 003G,E01033430,E02003734,East Cambridgeshire 003,612,1121
East Cambridgeshire 004A,E01018024,E02003735,East Cambridgeshire 004,537,934
East Cambridgeshire 004B,E01018025,E02003735,East Cambridgeshire 004,774,1279
East Cambridgeshire 004C,E01018026,E02003735,East Cambridgeshire 004,695,1230
East Cambridgeshire 004D,E01018030,E02003735,East Cambridgeshire 004,423,825
East Cambridgeshire 004F,E01033425,E02003735,East Cambridgeshire 004,717,1379
East Cambridgeshire 004G,E01033428,E02003735,East Cambridgeshire 004,645,1165
East Cambridgeshire 005A,E01018036,E02003736,East Cambridgeshire 005,730,1332
East Cambridgeshire 005B,E01018037,E02003736,East Cambridgeshire 005,556,1127
East Cambridgeshire 005C,E01018038,E02003736,East Cambridgeshire 005,628,1231
East Cambridgeshire 005D,E01018039,E02003736,East Cambridgeshire 005,544,1060
East Cambridgeshire 005E,E01018053,E02003736,East Cambridgeshire 005,707,1395
East Cambridgeshire 005F,E01018054,E02003736,East Cambridgeshire 005,949,1826
East Cambridgeshire 006A,E01018047,E02003737,East Cambridgeshire 006,786,1523
East Cambridgeshire 006C,E01018049,E02003737,East Cambridgeshire 006,711,1344
East Cambridgeshire 006D,E01018050,E02003737,East Cambridgeshire 006,562,1111
East Cambridgeshire 006E,E01018051,E02003737,East Cambridgeshire 006,699,1383
East Cambridgeshire 006F,E01018052,E02003737,East Cambridgeshire 006,841,1502
East Cambridgeshire 006G,E01033427,E02003737,East Cambridgeshire 006,488,951
East Cambridgeshire 006H,E01033429,E02003737,East Cambridgeshire 006,837,1587
East Cambridgeshire 007A,E01018034,E02003738,East Cambridgeshire 007,636,1261
East Cambridgeshire 007B,E01018035,E02003738,East Cambridgeshire 007,995,1808
East Cambridgeshire 007C,E01018040,E02003738,East Cambridgeshire 007,520,1027
East Cambridgeshire 007D,E01018041,E02003738,East Cambridgeshire 007,462,872
East Cambridgeshire 008A,E01018013,E02003739,East Cambridgeshire 008,762,1441
East Cambridgeshire 008B,E01018014,E02003739,East Cambridgeshire 008,769,1408
East Cambridgeshire 008C,E01018015,E02003739,East Cambridgeshire 008,579,1088
East Cambridgeshire 008D,E01018016,E02003739,East Cambridgeshire 008,592,1104
East Cambridgeshire 009A,E01018011,E02003740,East Cambridgeshire 009,1025,2156
East Cambridgeshire 009B,E01018012,E02003740,East Cambridgeshire 009,583,1131
East Cambridgeshire 009C,E01018057,E02003740,East Cambridgeshire 009,858,1639
East Cambridgeshire 011A,E01018017,E02006825,East Cambridgeshire 011,621,1067
East Cambridgeshire 011B,E01018019,E02006825,East Cambridgeshire 011,458,851
East Cambridgeshire 011C,E01018023,E02006825,East Cambridgeshire 011,956,1809
East Cambridgeshire 011D,E01032611,E02006825,East Cambridgeshire 011,775,1489
Fenland 001A,E01018094,E02003742,Fenland 001,789,1464
Fenland 001B,E01018095,E02003742,Fenland 001,693,1310
Fenland 001C,E01018096,E02003742,Fenland 001,757,1373
Fenland 001D,E01018097,E02003742,Fenland 001,625,1222
Fenland 002A,E01018063,E02003743,Fenland 002,976,1873
Fenland 002B,E01018073,E02003743,Fenland 002,941,1938
Fenland 002C,E01018107,E02003743,Fenland 002,651,1298
Fenland 002D,E01018108,E02003743,Fenland 002,802,1516
Fenland 002E,E01018109,E02003743,Fenland 002,803,1503
Fenland 003A,E01018069,E02003744,Fenland 003,757,1460
Fenland 003B,E01018070,E02003744,Fenland 003,770,1387
Fenland 003C,E01018071,E02003744,Fenland 003,807,1572
Fenland 003E,E01018093,E02003744,Fenland 003,1076,1943
Fenland 003F,E01018103,E02003744,Fenland 003,491,918
Fenland 003G,E01018104,E02003744,Fenland 003,514,1045
Fenland 003H,E01033111,E02003744,Fenland 003,684,1219
Fenland 003I,E01033112,E02003744,Fenland 003,668,1051
Fenland 004A,E01018066,E02003745,Fenland 004,652,1217
Fenland 004B,E01018067,E02003745,Fenland 004,785,1470
Fenland 004C,E01018068,E02003745,Fenland 004,625,1266
Fenland 004D,E01018090,E02003745,Fenland 004,784,1435
Fenland 004E,E01018091,E02003745,Fenland 004,607,1169
Fenland 004F,E01018092,E02003745,Fenland 004,755,1397
Fenland 005A,E01018081,E02003746,Fenland 005,601,1620
Fenland 005B,E01018082,E02003746,Fenland 005,833,1596
Fenland 005C,E01018083,E02003746,Fenland 005,788,1488
Fenland 005D,E01018084,E02003746,Fenland 005,919,1713
Fenland 006A,E01018064,E02003747,Fenland 006,860,1636
Fenland 006B,E01018072,E02003747,Fenland 006,690,1331
Fenland 006C,E01018074,E02003747,Fenland 006,536,1017
Fenland 006D,E01018075,E02003747,Fenland 006,530,1001
Fenland 006E,E01018098,E02003747,Fenland 006,618,1067
Fenland 006F,E01018099,E02003747,Fenland 006,538,1059
Fenland 006G,E01018100,E02003747,Fenland 006,642,997
Fenland 006H,E01018101,E02003747,Fenland 006,633,1137
Fenland 007A,E01018077,E02003748,Fenland 007,925,1486
Fenland 007B,E01018078,E02003748,Fenland 007,823,1352
Fenland 007C,E01018079,E02003748,Fenland 007,809,1467
Fenland 007D,E01018080,E02003748,Fenland 007,1010,1869
Fenland 008A,E01018058,E02003749,Fenland 008,717,1307
Fenland 008B,E01018059,E02003749,Fenland 008,576,1102
Fenland 008C,E01018060,E02003749,Fenland 008,791,1494
Fenland 008D,E01018061,E02003749,Fenland 008,525,1010
Fenland 009A,E01018085,E02003750,Fenland 009,713,1452
Fenland 009B,E01018086,E02003750,Fenland 009,733,1384
Fenland 009C,E01018087,E02003750,Fenland 009,978,1724
Fenland 009D,E01018088,E02003750,Fenland 009,711,1334
Fenland 010A,E01018065,E02003751,Fenland 010,953,1807
Fenland 010B,E01018076,E02003751,Fenland 010,912,1672
Fenland 010C,E01018111,E02003751,Fenland 010,979,1830
Fenland 011A,E01018062,E02003752,Fenland 011,1087,2035
Fenland 011B,E01018102,E02003752,Fenland 011,1236,2057
Fenland 011C,E01018105,E02003752,Fenland 011,559,953
Fenland 011D,E01018106,E02003752,Fenland 011,712,1294
Fenland 011E,E01018110,E02003752,Fenland 011,1138,2145
Huntingdonshire 001A,E01018212,E02003753,Huntingdonshire 001,695,1336
Huntingdonshire 001B,E01018213,E02003753,Huntingdonshire 001,770,1475
Huntingdonshire 001C,E01018214,E02003753,Huntingdonshire 001,829,1548
Huntingdonshire 001D,E01018215,E02003753,Huntingdonshire 001,572,1129
Huntingdonshire 001E,E01018216,E02003753,Huntingdonshire 001,957,1907
Huntingdonshire 001F,E01018217,E02003753,Huntingdonshire 001,753,1381
Huntingdonshire 002A,E01018127,E02003754,Huntingdonshire 002,648,1256
Huntingdonshire 002B,E01018128,E02003754,Huntingdonshire 002,551,968
Huntingdonshire 002C,E01018200,E02003754,Huntingdonshire 002,655,1350
Huntingdonshire 002D,E01018201,E02003754,Huntingdonshire 002,615,1128
Huntingdonshire 003A,E01018156,E02003755,Huntingdonshire 003,700,1408
Huntingdonshire 003B,E01018157,E02003755,Huntingdonshire 003,812,1626
Huntingdonshire 003C,E01018158,E02003755,Huntingdonshire 003,916,1433
Huntingdonshire 003D,E01018159,E02003755,Huntingdonshire 003,576,1149
Huntingdonshire 003E,E01018160,E02003755,Huntingdonshire 003,708,1349
Huntingdonshire 004A,E01018191,E02003756,Huntingdonshire 004,485,933
Huntingdonshire 004B,E01018192,E02003756,Huntingdonshire 004,573,1209
Huntingdonshire 004C,E01018193,E02003756,Huntingdonshire 004,511,999
Huntingdonshire 004D,E01018194,E02003756,Huntingdonshire 004,602,1164
Huntingdonshire 004E,E01018195,E02003756,Huntingdonshire 004,547,1013
Huntingdonshire 005A,E01018208,E02003757,Huntingdonshire 005,696,1323
Huntingdonshire 005B,E01018209,E02003757,Huntingdonshire 005,617,1208
Huntingdonshire 005C,E01018210,E02003757,Huntingdonshire 005,614,1138
Huntingdonshire 005D,E01018211,E02003757,Huntingdonshire 005,712,1496
Huntingdonshire 006A,E01018196,E02003758,Huntingdonshire 006,524,1065
Huntingdonshire 006B,E01018197,E02003758,Huntingdonshire 006,670,1203
Huntingdonshire 006C,E01018198,E02003758,Huntingdonshire 006,699,1331
Huntingdonshire 006D,E01018199,E02003758,Huntingdonshire 006,627,1247
Huntingdonshire 006E,E01018206,E02003758,Huntingdonshire 006,829,1389
Huntingdonshire 006F,E01018207,E02003758,Huntingdonshire 006,641,1257
Huntingdonshire 007A,E01018121,E02003759,Huntingdonshire 007,523,1105
Huntingdonshire 007B,E01018122,E02003759,Huntingdonshire 007,501,950
Huntingdonshire 007C,E01018123,E02003759,Huntingdonshire 007,659,1331
Huntingdonshire 007D,E01018124,E02003759,Huntingdonshire 007,778,1589
Huntingdonshire 008A,E01018143,E02003760,Huntingdonshire 008,702,1310
Huntingdonshire 008B,E01018144,E02003760,Huntingdonshire 008,571,1092
Huntingdonshire 008C,E01018145,E02003760,Huntingdonshire 008,487,997
Huntingdonshire 008D,E01018146,E02003760,Huntingdonshire 008,768,1619
Huntingdonshire 008E,E01018147,E02003760,Huntingdonshire 008,594,1263
Huntingdonshire 009A,E01018139,E02003761,Huntingdonshire 009,588,1251
Huntingdonshire 009B,E01018140,E02003761,Huntingdonshire 009,514,1062
Huntingdonshire 009C,E01018141,E02003761,Huntingdonshire 009,691,1336
Huntingdonshire 009D,E01018142,E02003761,Huntingdonshire 009,639,1258
Huntingdonshire 010B,E01018113,E02003762,Huntingdonshire 010,597,1183
Huntingdonshire 010D,E01018116,E02003762,Huntingdonshire 010,544,1006
Huntingdonshire 010E,E01018117,E02003762,Huntingdonshire 010,781,1381
Huntingdonshire 010F,E01018118,E02003762,Huntingdonshire 010,803,1544
Huntingdonshire 010G,E01033433,E02003762,Huntingdonshire 010,819,1843
Huntingdonshire 011A,E01018161,E02003763,Huntingdonshire 011,590,1138
Huntingdonshire 011B,E01018162,E02003763,Huntingdonshire 011,622,1291
Huntingdonshire 011C,E01018163,E02003763,Huntingdonshire 011,613,1082
Huntingdonshire 011D,E01018164,E02003763,Huntingdonshire 011,545,1043
Huntingdonshire 011E,E01018165,E02003763,Huntingdonshire 011,572,1044
Huntingdonshire 011F,E01018170,E02003763,Huntingdonshire 011,615,1156
Huntingdonshire 011G,E01018171,E02003763,Huntingdonshire 011,591,1226
Huntingdonshire 012A,E01018138,E02003764,Huntingdonshire 012,972,1624
Huntingdonshire 012B,E01018148,E02003764,Huntingdonshire 012,917,1827
Huntingdonshire 012C,E01018149,E02003764,Huntingdonshire 012,553,1124
Huntingdonshire 012D,E01018150,E02003764,Huntingdonshire 012,688,1349
Huntingdonshire 012E,E01018151,E02003764,Huntingdonshire 012,974,1515
Huntingdonshire 013A,E01018166,E02003765,Huntingdonshire 013,666,1257
Huntingdonshire 013B,E01018167,E02003765,Huntingdonshire 013,596,1204
Huntingdonshire 013C,E01018168,E02003765,Huntingdonshire 013,1137,1732
Huntingdonshire 013D,E01018169,E02003765,Huntingdonshire 013,630,1260
Huntingdonshire 014A,E01018131,E02003766,Huntingdonshire 014,647,1223
Huntingdonshire 014B,E01018132,E02003766,Huntingdonshire 014,830,1411
Huntingdonshire 014C,E01018133,E02003766,Huntingdonshire 014,679,1304
Huntingdonshire 014D,E01018134,E02003766,Huntingdonshire 014,781,1433
Huntingdonshire 015A,E01018125,E02003767,Huntingdonshire 015,630,1253
Huntingdonshire 015B,E01018126,E02003767,Huntingdonshire 015,668,1283
Huntingdonshire 015C,E01018152,E02003767,Huntingdonshire 015,604,1197
Huntingdonshire 015D,E01018153,E02003767,Huntingdonshire 015,794,1487
Huntingdonshire 016A,E01018129,E02003768,Huntingdonshire 016,679,1268
Huntingdonshire 016B,E01018130,E02003768,Huntingdonshire 016,714,1378
Huntingdonshire 016C,E01018202,E02003768,Huntingdonshire 016,658,1211
Huntingdonshire 016D,E01018203,E02003768,Huntingdonshire 016,636,1153
Huntingdonshire 016E,E01018204,E02003768,Huntingdonshire 016,551,1090
Huntingdonshire 016F,E01018205,E02003768,Huntingdonshire 016,877,1581
Huntingdonshire 017A,E01018115,E02003769,Huntingdonshire 017,582,2223
Huntingdonshire 017B,E01018119,E02003769,Huntingdonshire 017,657,1254
Huntingdonshire 017C,E01018120,E02003769,Huntingdonshire 017,770,1446
Huntingdonshire 017D,E01018137,E02003769,Huntingdonshire 017,706,1359
Huntingdonshire 018A,E01018135,E02003770,Huntingdonshire 018,1200,2218
Huntingdonshire 018B,E01018136,E02003770,Huntingdonshire 018,712,1402
Huntingdonshire 018C,E01018154,E02003770,Huntingdonshire 018,748,1433
Huntingdonshire 018D,E01018155,E02003770,Huntingdonshire 018,650,1267
Huntingdonshire 019A,E01018187,E02003771,Huntingdonshire 019,1075,1654
Huntingdonshire 019B,E01018188,E02003771,Huntingdonshire 019,646,1199
Huntingdonshire 019C,E01018189,E02003771,Huntingdonshire 019,502,1048
Huntingdonshire 019D,E01018190,E02003771,Huntingdonshire 019,634,1242
Huntingdonshire 020A,E01018172,E02003772,Huntingdonshire 020,644,1189
Huntingdonshire 020B,E01018173,E02003772,Huntingdonshire 020,524,956
Huntingdonshire 020C,E01018174,E02003772,Huntingdonshire 020,703,1299
Huntingdonshire 020D,E01018175,E02003772,Huntingdonshire 020,560,1125
Huntingdonshire 020E,E01018176,E02003772,Huntingdonshire 020,486,1042
Huntingdonshire 021A,E01018181,E02003773,Huntingdonshire 021,1187,2190
Huntingdonshire 021B,E01018182,E02003773,Huntingdonshire 021,597,1187
Huntingdonshire 021C,E01018183,E02003773,Huntingdonshire 021,631,1217
Huntingdonshire 021D,E01018184,E02003773,Huntingdonshire 021,512,1010
Huntingdonshire 021E,E01018185,E02003773,Huntingdonshire 021,749,1407
Huntingdonshire 021F,E01018186,E02003773,Huntingdonshire 021,743,1422
Huntingdonshire 022A,E01018177,E02003774,Huntingdonshire 022,664,1270
Huntingdonshire 022B,E01018178,E02003774,Huntingdonshire 022,637,1252
Huntingdonshire 022C,E01018179,E02003774,Huntingdonshire 022,608,1112
Huntingdonshire 022D,E01018180,E02003774,Huntingdonshire 022,580,1052
South Cambridgeshire 001A,E01018304,E02003775,South Cambridgeshire 001,803,1465
South Cambridgeshire 001B,E01018305,E02003775,South Cambridgeshire 001,544,1084
South Cambridgeshire 001C,E01018306,E02003775,South Cambridgeshire 001,616,1180
South Cambridgeshire 001D,E01018307,E02003775,South Cambridgeshire 001,863,1764
South Cambridgeshire 002A,E01018233,E02003776,South Cambridgeshire 002,681,1304
South Cambridgeshire 002B,E01018234,E02003776,South Cambridgeshire 002,679,1368
South Cambridgeshire 002C,E01018235,E02003776,South Cambridgeshire 002,708,1317
South Cambridgeshire 002D,E01018236,E02003776,South Cambridgeshire 002,661,1270
South Cambridgeshire 003A,E01018237,E02003777,South Cambridgeshire 003,647,1224
South Cambridgeshire 003B,E01018266,E02003777,South Cambridgeshire 003,1143,2099
South Cambridgeshire 003C,E01018284,E02003777,South Cambridgeshire 003,536,1016
South Cambridgeshire 003D,E01018285,E02003777,South Cambridgeshire 003,477,953
South Cambridgeshire 004A,E01018298,E02003778,South Cambridgeshire 004,552,1419
South Cambridgeshire 004B,E01018299,E02003778,South Cambridgeshire 004,767,1349
South Cambridgeshire 004C,E01018300,E02003778,South Cambridgeshire 004,518,999
South Cambridgeshire 004D,E01018301,E02003778,South Cambridgeshire 004,581,1143
South Cambridgeshire 005A,E01018221,E02003779,South Cambridgeshire 005,756,1385
South Cambridgeshire 005B,E01018222,E02003779,South Cambridgeshire 005,598,1289
South Cambridgeshire 005C,E01018223,E02003779,South Cambridgeshire 005,817,1532
South Cambridgeshire 006A,E01018257,E02003780,South Cambridgeshire 006,609,1097
South Cambridgeshire 006B,E01018258,E02003780,South Cambridgeshire 006,698,1303
South Cambridgeshire 006C,E01018259,E02003780,South Cambridgeshire 006,549,1077
South Cambridgeshire 006D,E01018260,E02003780,South Cambridgeshire 006,793,1500
South Cambridgeshire 006F,E01018262,E02003780,South Cambridgeshire 006,562,1202
South Cambridgeshire 006G,E01033120,E02003780,South Cambridgeshire 006,546,1159
South Cambridgeshire 006H,E01033121,E02003780,South Cambridgeshire 006,613,1182
South Cambridgeshire 007A,E01018272,E02003781,South Cambridgeshire 007,517,1037
South Cambridgeshire 007B,E01018273,E02003781,South Cambridgeshire 007,702,1325
South Cambridgeshire 007C,E01018274,E02003781,South Cambridgeshire 007,717,1404
South Cambridgeshire 007D,E01018297,E02003781,South Cambridgeshire 007,753,1391
South Cambridgeshire 009A,E01018224,E02003783,South Cambridgeshire 009,614,1124
South Cambridgeshire 009B,E01018225,E02003783,South Cambridgeshire 009,512,913
South Cambridgeshire 009C,E01018248,E02003783,South Cambridgeshire 009,730,1959
South Cambridgeshire 009D,E01018249,E02003783,South Cambridgeshire 009,477,855
South Cambridgeshire 009E,E01018250,E02003783,South Cambridgeshire 009,536,993
South Cambridgeshire 010A,E01018231,E02003784,South Cambridgeshire 010,1001,1950
South Cambridgeshire 010B,E01018232,E02003784,South Cambridgeshire 010,975,1855
South Cambridgeshire 010C,E01018251,E02003784,South Cambridgeshire 010,495,974
South Cambridgeshire 010D,E01018252,E02003784,South Cambridgeshire 010,540,1144
South Cambridgeshire 010E,E01018255,E02003784,South Cambridgeshire 010,469,909
South Cambridgeshire 011A,E01018242,E02003785,South Cambridgeshire 011,575,1067
South Cambridgeshire 011B,E01018243,E02003785,South Cambridgeshire 011,680,1395
South Cambridgeshire 011C,E01018244,E02003785,South Cambridgeshire 011,680,1366
South Cambridgeshire 011D,E01018286,E02003785,South Cambridgeshire 011,683,1268
South Cambridgeshire 011E,E01018287,E02003785,South Cambridgeshire 011,604,1075
South Cambridgeshire 011F,E01018296,E02003785,South Cambridgeshire 011,477,897
South Cambridgeshire 012A,E01018292,E02003786,South Cambridgeshire 012,574,1125
South Cambridgeshire 012B,E01018293,E02003786,South Cambridgeshire 012,658,1189
South Cambridgeshire 012C,E01018294,E02003786,South Cambridgeshire 012,864,1403
South Cambridgeshire 012D,E01018295,E02003786,South Cambridgeshire 012,658,1270
South Cambridgeshire 013A,E01018245,E02003787,South Cambridgeshire 013,709,1388
South Cambridgeshire 013B,E01018246,E02003787,South Cambridgeshire 013,733,1354
South Cambridgeshire 013C,E01018247,E02003787,South Cambridgeshire 013,663,1312
South Cambridgeshire 013D,E01018275,E02003787,South Cambridgeshire 013,995,1903
South Cambridgeshire 014A,E01018240,E02003788,South Cambridgeshire 014,492,992
South Cambridgeshire 014B,E01018253,E02003788,South Cambridgeshire 014,446,878
South Cambridgeshire 014C,E01018254,E02003788,South Cambridgeshire 014,575,1072
South Cambridgeshire 014D,E01018256,E02003788,South Cambridgeshire 014,639,1221
South Cambridgeshire 014E,E01018291,E02003788,South Cambridgeshire 014,506,973
South Cambridgeshire 015A,E01018279,E02003789,South Cambridgeshire 015,692,1274
South Cambridgeshire 015B,E01018280,E02003789,South Cambridgeshire 015,621,1275
South Cambridgeshire 015C,E01018281,E02003789,South Cambridgeshire 015,701,1295
South Cambridgeshire 015D,E01018282,E02003789,South Cambridgeshire 015,533,1055
South Cambridgeshire 015E,E01018283,E02003789,South Cambridgeshire 015,495,1038
South Cambridgeshire 016A,E01018218,E02003790,South Cambridgeshire 016,734,1441
South Cambridgeshire 016B,E01018219,E02003790,South Cambridgeshire 016,574,1115
South Cambridgeshire 016C,E01018220,E02003790,South Cambridgeshire 016,610,1240
South Cambridgeshire 016D,E01018263,E02003790,South Cambridgeshire 016,620,1196
South Cambridgeshire 016E,E01018264,E02003790,South Cambridgeshire 016,663,1309
South Cambridgeshire 016F,E01018265,E02003790,South Cambridgeshire 016,725,1396
South Cambridgeshire 017A,E01018238,E02003791,South Cambridgeshire 017,598,1148
South Cambridgeshire 017B,E01018239,E02003791,South Cambridgeshire 017,565,1074
South Cambridgeshire 017C,E01018288,E02003791,South Cambridgeshire 017,514,955
South Cambridgeshire 017D,E01018289,E02003791,South Cambridgeshire 017,499,938
South Cambridgeshire 017E,E01018302,E02003791,South Cambridgeshire 017,628,1209
South Cambridgeshire 017F,E01018303,E02003791,South Cambridgeshire 017,530,972
South Cambridgeshire 018A,E01018241,E02003792,South Cambridgeshire 018,500,953
South Cambridgeshire 018B,E01018267,E02003792,South Cambridgeshire 018,1023,1913
South Cambridgeshire 018C,E01018268,E02003792,South Cambridgeshire 018,751,1505
South Cambridgeshire 018D,E01018269,E02003792,South Cambridgeshire 018,606,1145
South Cambridgeshire 018E,E01018270,E02003792,South Cambridgeshire 018,452,923
South Cambridgeshire 018F,E01018271,E02003792,South Cambridgeshire 018,589,1166
South Cambridgeshire 019A,E01018226,E02003793,South Cambridgeshire 019,502,1173
South Cambridgeshire 019B,E01018227,E02003793,South Cambridgeshire 019,764,1493
South Cambridgeshire 019C,E01018228,E02003793,South Cambridgeshire 019,677,1347
South Cambridgeshire 019D,E01018290,E02003793,South Cambridgeshire 019,1010,1954
South Cambridgeshire 020A,E01033113,E02006873,South Cambridgeshire 020,477,785
South Cambridgeshire 020B,E01033114,E02006873,South Cambridgeshire 020,573,1079
South Cambridgeshire 020C,E01033115,E02006873,South Cambridgeshire 020,475,935
South Cambridgeshire 020D,E01033117,E02006873,South Cambridgeshire 020,476,889
South Cambridgeshire 020E,E01033119,E02006873,South Cambridgeshire 020,733,1265
South Cambridgeshire 021A,E01018276,E02006874,South Cambridgeshire 021,600,1119
South Cambridgeshire 021B,E01018277,E02006874,South Cambridgeshire 021,730,1397
South Cambridgeshire 021C,E01018278,E02006874,South Cambridgeshire 021,669,1313
South Cambridgeshire 021D,E01033116,E02006874,South Cambridgeshire 021,663,1274
South Cambridgeshire 021E,E01033118,E02006874,South Cambridgeshire 021,586,1123
Cambridge 001A,E01017975,E02003719,Cambridge 001,702,1332
Cambridge 001B,E01017976,E02003719,Cambridge 001,648,1402
Cambridge 001C,E01017977,E02003719,Cambridge 001,796,1331
Cambridge 001D,E01017978,E02003719,Cambridge 001,667,1229
Cambridge 001E,E01017979,E02003719,Cambridge 001,681,1278
Cambridge 001F,E01017980,E02003719,Cambridge 001,507,935
Cambridge 002A,E01017949,E02003720,Cambridge 002,744,1428
Cambridge 002B,E01017950,E02003720,Cambridge 002,586,1163
Cambridge 002C,E01017951,E02003720,Cambridge 002,666,1248
Cambridge 002D,E01017952,E02003720,Cambridge 002,693,1203
Cambridge 002E,E01017953,E02003720,Cambridge 002,704,1363
Cambridge 002F,E01017954,E02003720,Cambridge 002,614,1224
Cambridge 003B,E01017971,E02003721,Cambridge 003,680,1336
Cambridge 003C,E01017972,E02003721,Cambridge 003,699,1329
Cambridge 003D,E01017973,E02003721,Cambridge 003,738,1469
Cambridge 003E,E01017974,E02003721,Cambridge 003,718,1430
Cambridge 003F,E01032792,E02003721,Cambridge 003,650,1086
Cambridge 003G,E01032802,E02003721,Cambridge 003,684,1146
Cambridge 004A,E01018006,E02003722,Cambridge 004,798,1464
Cambridge 004B,E01018007,E02003722,Cambridge 004,602,1307
Cambridge 004C,E01018008,E02003722,Cambridge 004,685,1347
Cambridge 004D,E01018009,E02003722,Cambridge 004,849,1696
Cambridge 004E,E01018010,E02003722,Cambridge 004,934,1565
Cambridge 005A,E01017955,E02003723,Cambridge 005,667,1262
Cambridge 005B,E01017956,E02003723,Cambridge 005,536,1442
Cambridge 005C,E01017957,E02003723,Cambridge 005,528,1381
Cambridge 005D,E01017958,E02003723,Cambridge 005,437,5044
Cambridge 006A,E01017943,E02003724,Cambridge 006,772,1489
Cambridge 006B,E01017944,E02003724,Cambridge 006,584,1130
Cambridge 006C,E01017945,E02003724,Cambridge 006,806,1452
Cambridge 006D,E01017946,E02003724,Cambridge 006,636,1271
Cambridge 006E,E01017947,E02003724,Cambridge 006,691,1385
Cambridge 006F,E01017948,E02003724,Cambridge 006,704,1297
Cambridge 007C,E01017983,E02003725,Cambridge 007,974,1664
Cambridge 007D,E01017984,E02003725,Cambridge 007,748,1356
Cambridge 007E,E01017985,E02003725,Cambridge 007,754,2262
Cambridge 007F,E01017986,E02003725,Cambridge 007,348,3483
Cambridge 007G,E01032797,E02003725,Cambridge 007,798,5078
Cambridge 008A,E01017987,E02003726,Cambridge 008,709,1494
Cambridge 008B,E01017988,E02003726,Cambridge 008,573,1499
Cambridge 008C,E01017989,E02003726,Cambridge 008,972,1914
Cambridge 008D,E01017990,E02003726,Cambridge 008,612,1077
Cambridge 008E,E01017991,E02003726,Cambridge 008,621,1316
Cambridge 009A,E01017997,E02003727,Cambridge 009,979,1946
Cambridge 009B,E01017998,E02003727,Cambridge 009,736,1525
Cambridge 009C,E01017999,E02003727,Cambridge 009,707,1526
Cambridge 009D,E01018000,E02003727,Cambridge 009,757,1544
Cambridge 009E,E01018001,E02003727,Cambridge 009,777,1516
Cambridge 010A,E01017965,E02003728,Cambridge 010,770,1470
Cambridge 010B,E01017966,E02003728,Cambridge 010,1148,2366
Cambridge 010C,E01017967,E02003728,Cambridge 010,662,1432
Cambridge 010D,E01017968,E02003728,Cambridge 010,685,1352
Cambridge 010E,E01017969,E02003728,Cambridge 010,635,1296
Cambridge 011A,E01017959,E02003729,Cambridge 011,710,1421
Cambridge 011B,E01017960,E02003729,Cambridge 011,577,1037
Cambridge 011C,E01017961,E02003729,Cambridge 011,591,999
Cambridge 011D,E01017962,E02003729,Cambridge 011,674,1299
Cambridge 011E,E01017963,E02003729,Cambridge 011,678,1282
Cambridge 011F,E01017964,E02003729,Cambridge 011,518,1097
Cambridge 012A,E01018002,E02003730,Cambridge 012,795,1316
Cambridge 012B,E01018003,E02003730,Cambridge 012,641,1263
Cambridge 012D,E01018005,E02003730,Cambridge 012,778,1719
Cambridge 012E,E01032794,E02003730,Cambridge 012,679,1100
Cambridge 012F,E01032795,E02003730,Cambridge 012,730,1290
Cambridge 013A,E01017992,E02003731,Cambridge 013,741,1502
Cambridge 013B,E01017993,E02003731,Cambridge 013,1021,1823
Cambridge 013C,E01017994,E02003731,Cambridge 013,646,1325
Cambridge 013D,E01017995,E02003731,Cambridge 013,591,1208
Cambridge 013E,E01017996,E02003731,Cambridge 013,547,1746